962750,357612,422215,40794,108105,696198,72785,516324,727912,257498,332099,852974,963582,847582,857844,656537,98071,50515,554941,463220,
964017,470256,538061,590027,342952,744835,293047,188247,730200,656506,553318,534887,476173,103550,1504,648075,98057,331601,255183,411328,
842758,233651,243189,612066,182255,729188,376227,608508,152179,354336,726407,686069,501796,20133,785237,861927,110590,138118,332323,359587,
991515,65357,589244,327377,299003,98400,51593,798962,564438,291639,36837,525824,595338,767337,53026,246209,571913,708763,868498,841137,
506338,569193,614522,199953,257535,982418,321930,367558,990181,822891,297990,150878,360340,757927,394017,36843,946605,713697,889997,215783,
731038,991102,443952,241077,141880,313969,400621,714371,839730,189575,345761,429869,640347,771280,121960,111734,299408,483294,862732,449400,
260866,600191,740759,300455,802276,15432,841085,292745,660098,148820,801766,268193,448196,47066,999764,494845,960986,323114,441090,266283,
851083,313535,932563,179739,110921,137698,17956,484836,859441,922562,849554,263352,529039,141894,355947,949991,710646,188894,454091,700656,
879650,134432,397219,895529,109371,419985,986832,674623,494702,770779,393934,624129,391598,739477,697663,5986,270569,969896,375362,838561,
300136,866084,994686,253101,583909,289849,911515,232256,41070,52177,738487,937923,271425,474570,750568,494600,735806,831764,770420,5944,
424067,602539,71031,741789,282173,499797,833924,483823,994729,866576,639197,554011,210714,844224,759723,387172,659413,311284,973492,999322,
860688,382267,842255,992882,794628,748100,494481,906273,760075,71950,527036,396417,636754,934427,592794,845508,245110,690187,729702,764437,
838237,633142,453483,752743,569310,761448,321854,733864,462485,422354,451546,676904,267179,602228,151709,659536,559932,469348,419887,877861,
762304,450467,615000,465720,813153,734552,970690,60988,481564,927981,961329,745412,220048,214844,700217,65817,136601,6112,169332,191182,
957809,562768,516237,393377,99755,32846,441211,199008,751559,243720,491736,38729,336734,426925,486425,466900,671366,782469,78005,49191,
344531,553108,310710,309053,367393,116342,297610,948961,47047,860506,65149,626607,340136,126138,472106,60188,77840,402867,974422,879499,
254470,421967,522973,132628,253546,4363,227112,212482,261294,193271,298401,816542,149871,636264,543252,929268,755314,407812,160121,764904,
881827,564113,120543,598484,26067,759496,879027,2068,17932,638731,311840,748521,431854,92520,53386,117882,655821,234702,886212,78856,
572969,452142,798492,170986,50108,664529,953713,276936,946278,495761,420818,244478,640393,760394,431045,900222,951283,639236,523162,453419,
181922,416524,462303,655631,252202,839134,752022,628189,214766,939013,188692,558837,506254,712866,472138,440507,174494,232126,202306,779529,
457927,325159,674650,245590,113841,345208,304260,540260,641346,783631,404236,357423,472051,674852,591093,122073,280160,882866,763375,482461,
340787,225234,408651,936256,166328,753439,856006,251001,942403,85230,123801,939328,982428,310284,853987,374439,502377,243106,410424,624497,
712946,424502,828848,675967,719167,756315,989197,961210,705946,972043,437095,237621,259043,933785,302562,163617,78115,83142,340713,392407,
137650,160364,308751,320736,958288,540692,211433,163575,865048,701731,92639,139047,380559,75665,585682,382920,853943,157908,365050,997348,
107081,97190,903396,321535,172231,870369,228151,816474,948697,524842,962101,643427,104318,461934,125022,677843,815493,86217,561558,975299,
825394,537618,592891,240566,368563,149968,838049,320305,829481,693280,215107,484629,719400,541192,389884,507368,350020,480834,346107,330440,
25910,880818,266510,440660,533522,591928,56826,597212,663398,389758,869453,159641,850732,945532,936040,666028,963933,629097,688923,207336,
19574,306354,332352,330432,685332,205537,907124,285269,218235,19645,799687,994186,660123,612627,280389,517364,143635,426538,240725,934438,
845545,822236,222186,867733,496021,943780,384708,325879,835219,780933,551485,967636,345352,975270,628498,148233,981940,181147,551115,174420,
145466,684198,239039,820369,668240,932790,497738,326903,514369,264645,926824,772290,870758,498918,410381,626862,374033,531404,281279,118062,
248044,896417,384764,81998,915810,880137,793686,870695,52213,573727,356332,334733,997806,538200,312292,138830,638635,815773,104677,668539,
483907,432205,425845,243863,863779,451892,351804,294578,324336,31718,540838,352189,94733,323301,460321,896269,245106,570678,130656,830664,
389051,310117,370454,835601,930567,87248,890108,84336,442446,698981,765826,488436,834460,943067,129190,785912,752188,472648,209868,366132,
7106,729132,633098,919046,830350,848007,732322,620245,742949,808611,355880,560952,552007,857409,770426,514974,13894,787790,724305,740208,
446574,824496,610699,536928,570847,282749,876603,887859,996204,726993,312819,594028,704129,774124,879114,687946,925898,941747,101445,511400,
460433,484302,375594,630043,168266,183893,567584,308274,13174,966467,22566,125795,161428,735370,140059,741863,527331,706096,567288,788448,
571147,476633,490946,965717,531183,891506,538298,800615,721366,768693,632032,811,910959,933181,990523,911540,942884,408476,431776,219737,
795064,388906,391645,918247,257123,280499,230750,420347,311516,294280,285829,691556,89490,359174,653582,296948,106135,775251,243505,125788,
845990,376033,874438,281291,876358,374073,172307,979895,587895,726279,845113,656564,964634,177735,565928,701549,514098,748919,127551,957620,
165986,696043,764683,546094,754442,827500,639899,177551,493571,446243,222548,420573,899979,521659,923314,285874,763469,550943,239999,338616,
770758,151515,443473,261608,118574,300106,199108,504146,490326,697397,254502,763620,621705,954086,933297,423207,547017,298955,329575,311508,
150642,536770,29155,224156,695464,455586,32829,898454,819359,119593,773998,530286,318143,384766,812240,162152,383977,139077,441025,769754,
361569,738933,150908,176422,349758,266,331823,330192,305164,171422,626089,935356,188323,217989,419480,746696,623996,349569,636854,690525,
150032,668936,556731,381748,45168,957213,118685,741787,877176,880772,586164,467363,601555,392150,621177,599864,770121,15649,156615,756817,
580456,927564,929277,199271,576759,444224,349852,792478,857156,144573,772923,103290,940749,257014,232343,784161,46134,952307,321103,744878,
91467,610982,350552,764853,837125,891241,49882,478681,139895,958940,423105,398559,329182,353288,617302,439599,293782,151900,292940,687905,
703590,448504,822115,444813,970917,281911,868969,717557,830759,203271,556457,498217,357900,534913,71163,327508,299211,189787,800300,368457,
462664,1642,967225,438542,183900,903363,998401,383437,215304,135397,463309,967702,178995,326692,964928,656505,234646,881184,797533,34372,
861633,65674,353707,73321,177031,275419,150553,999745,845392,520592,158227,929452,14074,11849,785596,767519,97285,142701,211235,537160,
48148,708567,850141,260975,384901,451921,456299,15870,685111,373139,821785,183360,798316,940735,601300,633995,202810,401684,182130,214172,
